{
  "manifestVersion": 1,
  "id": "genai-tc-extension-elx",
  "name": "genai tc extension elx",
  "version": "1.1.1",
  "publisher": "GenTCsUsingAI",
  "targets": [
    {
      "id": "Microsoft.VisualStudio.Services"
    }
  ],
  "description": "Generate test cases or acceptance criteria using GenAI.",
  "categories": ["Azure Boards"],
  "icons": {
    "default": "images/icon.png"
  },
  "files": [
    {
      "path": "dist",
      "addressable": true
    }
  ],
  "contributions": [
    {
      "id": "genai-tc-panel",
      "type": "ms.vss-work-web.work-item-form-group",
      "targets": ["ms.vss-work-web.work-item-form"],
      "properties": {
        "name": "TCs Using GenAI",
        "uri": "dist/index.html"
      }
    }
  ]
}
