{
  "manifestVersion": 1,
  "id": "genai-tc-extension-elx",
  "publisher": "GenTCsUsingAI",
  "version": "1.3.0",
  "name": "genai tc extension elx",
  "description": "Generate test cases or acceptance criteria using GenAI.",
  "targets": [ { "id": "Microsoft.VisualStudio.Services" } ],
  "categories": [ "Azure Boards" ],
  "icons": { "default": "images/icon.png" },

  "files": [ { "path": "dist", "addressable": true } ],

  "contributions": [
    {
      "id": "genai-tc-panel",
      "type": "ms.vss-work-web.work-item-form-control",
      "targets": [ "ms.vss-work-web.work-item-form" ],
      "properties": {
        "name":  "Gen-AI helpers",
        "uri":   "dist/index.html",
        "height": "360px"
      }
    }
  ]
}
